{
  "system": "Linux",
  "version": "1.0.0",
  "lite": false,
  "py_version": "3.10",
  "py_version_micro": "3.10.12",
  "packages": {
    "malloy": "2023.1064",
    "certifi": "2023.11.17",
    "jsonschema-specifications": "2023.11.2",
    "xyzservices": "2023.10.1",
    "tifffile": "2023.9.26",
    "distributed": "2023.8.1",
    "dask": "2023.8.1",
    "xarray": "2023.7.0",
    "regex": "2023.6.3",
    "fsspec": "2023.6.0",
    "gcsfs": "2023.6.0",
    "types-pytz": "2023.3.1.1",
    "pytz": "2023.3.post1",
    "tzdata": "2023.3",
    "mkl": "2023.2.0",
    "intel-openmp": "2023.2.0",
    "tbb": "2021.11.0",
    "types-setuptools": "69.0.0.0",
    "setuptools": "60.2.0",
    "cryptography": "41.0.7",
    "flatbuffers": "23.5.26",
    "pyopenssl": "23.3.0",
    "pyzmq": "23.2.1",
    "packaging": "23.2",
    "pip": "23.1.2",
    "argon2-cffi": "23.1.0",
    "attrs": "23.1.0",
    "contextlib2": "21.6.0",
    "argon2-cffi-bindings": "21.2.0",
    "virtualenv": "20.21.0",
    "dlib": "19.24.2",
    "sqlglot": "17.16.2",
    "lit": "17.0.6",
    "libclang": "16.0.6",
    "rich": "13.4.2",
    "nvidia-ml-py": "12.535.133",
    "websockets": "12.0",
    "nvidia-cublas-cu11": "11.10.3.66",
    "nvidia-cuda-cupti-cu11": "11.7.101",
    "nvidia-cuda-runtime-cu11": "11.7.99",
    "nvidia-cuda-nvrtc-cu11": "11.7.99",
    "nvidia-nvtx-cu11": "11.7.91",
    "nvidia-cusparse-cu11": "11.7.4.91",
    "nvidia-cusolver-cu11": "11.4.0.1",
    "cupy-cuda11x": "11.0.0",
    "nvidia-cufft-cu11": "10.9.0.58",
    "nvidia-curand-cu11": "10.2.10.91",
    "more-itertools": "10.1.0",
    "pillow": "10.0.1",
    "music21": "9.1.0",
    "py-cpuinfo": "9.0.0",
    "pyarrow": "9.0.0",
    "nvidia-cudnn-cu11": "8.5.0.96",
    "natsort": "8.4.0",
    "tenacity": "8.2.3",
    "thinc": "8.1.12",
    "click": "8.1.7",
    "python-slugify": "8.0.1",
    "nvidia-ml-py3": "7.352.0",
    "ipython": "7.34.0",
    "ipywidgets": "7.7.1",
    "pytest": "7.4.3",
    "python-box": "7.1.1",
    "inflect": "7.0.0",
    "pip-tools": "6.13.0",
    "importlib-metadata": "6.8.0",
    "deepdiff": "6.7.1",
    "notebook": "6.5.5",
    "nbconvert": "6.5.4",
    "smart-open": "6.4.0",
    "tornado": "6.3.2",
    "ibis-framework": "6.2.0",
    "jupyter-client": "6.1.12",
    "importlib-resources": "6.1.1",
    "bleach": "6.1.0",
    "jupyter-console": "6.1.0",
    "multidict": "6.0.4",
    "pyyaml": "6.0.1",
    "plotly": "5.15.0",
    "psutil": "5.9.5",
    "nbformat": "5.9.2",
    "pymc": "5.7.2",
    "traitlets": "5.7.1",
    "diskcache": "5.6.3",
    "ipykernel": "5.5.6",
    "jupyter-core": "5.5.0",
    "astropy": "5.3.4",
    "cachetools": "5.3.2",
    "firebase-admin": "5.3.0",
    "chardet": "5.2.0",
    "tzlocal": "5.2",
    "sphinx": "5.0.2",
    "tqdm": "4.65.2",
    "fonttools": "4.45.1",
    "transformers": "4.31.0",
    "jsonschema": "4.17.3",
    "tweepy": "4.14.0",
    "beautifulsoup4": "4.11.2",
    "antlr4-python3-runtime": "4.9.3",
    "lxml": "4.9.3",
    "tensorflow-datasets": "4.9.3",
    "pexpect": "4.9.0",
    "rsa": "4.9",
    "opencv-python-headless": "4.8.1.78",
    "opencv-contrib-python": "4.8.0.76",
    "opencv-python": "4.8.0.76",
    "typing-extensions": "4.8.0",
    "humanize": "4.7.0",
    "gdown": "4.6.6",
    "decorator": "4.4.2",
    "gensim": "4.3.2",
    "altair": "4.2.2",
    "progressbar2": "4.2.0",
    "oauth2client": "4.1.3",
    "uritemplate": "4.1.1",
    "ordered-set": "4.1.0",
    "lightgbm": "4.1.0",
    "dopamine-rl": "4.0.6",
    "readchar": "4.0.5",
    "async-timeout": "4.0.3",
    "nibabel": "4.0.2",
    "atpublic": "4.0",
    "cmake": "3.27.7",
    "protobuf": "3.20.3",
    "pycryptodome": "3.19.0",
    "peewee": "3.17.0",
    "zipp": "3.17.0",
    "filelock": "3.13.1",
    "google-cloud-bigquery": "3.12.0",
    "google-cloud-translate": "3.11.3",
    "platformdirs": "3.11.0",
    "orjson": "3.9.10",
    "aiohttp": "3.9.1",
    "h5py": "3.9.0",
    "prettytable": "3.9.0",
    "python-utils": "3.8.1",
    "nltk": "3.8.1",
    "tables": "3.8.0",
    "anyio": "3.7.1",
    "matplotlib": "3.7.1",
    "widgetsnbextension": "3.6.6",
    "spacy": "3.6.1",
    "pyproj": "3.6.1",
    "en-core-web-sm": "3.6.0",
    "idna": "3.6",
    "markdown": "3.5.1",
    "gdal": "3.4.3",
    "rpy2": "3.4.2",
    "gspread": "3.4.2",
    "xxhash": "3.4.1",
    "charset-normalizer": "3.3.2",
    "gspread-dataframe": "3.3.1",
    "bokeh": "3.3.1",
    "langcodes": "3.3.0",
    "opt-einsum": "3.3.0",
    "scs": "3.2.4.post1",
    "oauthlib": "3.2.2",
    "networkx": "3.2.1",
    "threadpoolctl": "3.2.0",
    "pyopengl": "3.1.7",
    "inquirer": "3.1.4",
    "openpyxl": "3.1.2",
    "jinja2": "3.1.2",
    "pyparsing": "3.1.1",
    "prompt-toolkit": "3.0.41",
    "spacy-legacy": "3.0.12",
    "preshed": "3.0.9",
    "jupyterlab-widgets": "3.0.9",
    "cython": "3.0.6",
    "jsonpickle": "3.0.2",
    "colorcet": "3.0.1",
    "werkzeug": "3.0.1",
    "greenlet": "3.0.1",
    "audioread": "3.0.1",
    "pyviz-comms": "3.0.0",
    "tblib": "3.0.0",
    "markdown-it-py": "3.0.0",
    "zict": "3.0.0",
    "google-api-python-client": "2.84.0",
    "imageio": "2.31.6",
    "requests": "2.28.2",
    "google-cloud-bigquery-storage": "2.23.0",
    "pycparser": "2.21",
    "fastjsonschema": "2.19.0",
    "google-auth": "2.17.3",
    "oss2": "2.17.0",
    "aliyun-python-sdk-kms": "2.16.2",
    "pygments": "2.16.1",
    "google-cloud-datastore": "2.15.2",
    "datasets": "2.15.0",
    "nvidia-nccl-cu11": "2.14.3",
    "pytensor": "2.14.2",
    "tensorboard": "2.14.1",
    "aliyun-python-sdk-core": "2.14.0",
    "tensorflow": "2.14.0",
    "tensorflow-gcs-config": "2.14.0",
    "keras": "2.14.0",
    "tensorflow-estimator": "2.14.0",
    "babel": "2.13.1",
    "google-cloud-iam": "2.12.2",
    "google-cloud-firestore": "2.11.1",
    "google-api-core": "2.11.1",
    "psycopg2": "2.9.9",
    "google-cloud-language": "2.9.1",
    "types-python-dateutil": "2.8.19.14",
    "numexpr": "2.8.7",
    "python-dateutil": "2.8.2",
    "google-cloud-storage": "2.8.0",
    "fastai": "2.7.13",
    "ray": "2.6.3",
    "tensorboardx": "2.6.2.2",
    "google-resumable-media": "2.6.0",
    "pygame": "2.5.2",
    "soupsieve": "2.5",
    "srsly": "2.4.8",
    "nptyping": "2.4.1",
    "sortedcontainers": "2.4.0",
    "frozendict": "2.3.10",
    "google-cloud-core": "2.3.3",
    "pyshp": "2.3.1",
    "promise": "2.3",
    "termcolor": "2.3.0",
    "geopy": "2.3.0",
    "flask": "2.2.5",
    "omegaconf": "2.2.3",
    "backoff": "2.2.1",
    "cloudpickle": "2.2.1",
    "snowballstemmer": "2.2.0",
    "sklearn-pandas": "2.2.0",
    "pandas": "2.1.3",
    "markupsafe": "2.1.3",
    "itsdangerous": "2.1.2",
    "torchaudio": "2.1.0+cu118",
    "parsy": "2.1",
    "sqlalchemy": "2.0.23",
    "ecos": "2.0.12",
    "catalogue": "2.0.10",
    "pytorch-lightning": "2.0.9.post0",
    "lightning": "2.0.9.post0",
    "cymem": "2.0.8",
    "pycocotools": "2.0.7",
    "sphinxcontrib-htmlhelp": "2.0.4",
    "google": "2.0.3",
    "ipyevents": "2.0.2",
    "shapely": "2.0.2",
    "xgboost": "2.0.2",
    "linkify-it-py": "2.0.2",
    "pydotplus": "2.0.2",
    "pyerfa": "2.0.1.1",
    "torch": "2.0.1",
    "param": "2.0.1",
    "xlrd": "2.0.1",
    "tomli": "2.0.1",
    "triton": "2.0.0",
    "geographiclib": "2.0",
    "pydot-ng": "2.0.0",
    "blosc2": "2.0.0",
    "iniconfig": "2.0.0",
    "googleapis-common-protos": "1.61.0",
    "grpcio": "1.59.3",
    "grpcio-status": "1.48.2",
    "geocoder": "1.38.1",
    "google-cloud-aiplatform": "1.36.4",
    "boto3": "1.33.10",
    "botocore": "1.33.10",
    "urllib3": "1.26.18",
    "jupyter-server": "1.24.0",
    "numpy": "1.23.5",
    "proto-plus": "1.22.3",
    "blessed": "1.20.0",
    "holoviews": "1.17.1",
    "six": "1.16.0",
    "cffi": "1.16.0",
    "wrapt": "1.14.1",
    "tensorflow-metadata": "1.14.0",
    "google-cloud-functions": "1.13.3",
    "webcolors": "1.13",
    "google-cloud-bigquery-connection": "1.12.1",
    "sympy": "1.12",
    "scipy": "1.11.4",
    "easydict": "1.11",
    "pydantic": "1.10.13",
    "google-cloud-resource-manager": "1.10.4",
    "fiona": "1.9.5",
    "yarl": "1.9.3",
    "wordcloud": "1.9.2",
    "send2trash": "1.8.2",
    "pydata-google-auth": "1.8.2",
    "pyperclip": "1.8.2",
    "pooch": "1.8.0",
    "pytorch-metric-learning": "1.7.3",
    "pysocks": "1.7.1",
    "crcmod": "1.7",
    "debugpy": "1.6.6",
    "websocket-client": "1.6.4",
    "pydrive2": "1.6.3",
    "astunparse": "1.6.3",
    "autograd": "1.6.2",
    "fastcore": "1.5.29",
    "kaggle": "1.5.16",
    "nest-asyncio": "1.5.8",
    "pandas-stubs": "1.5.3.230304",
    "etils": "1.5.2",
    "portpicker": "1.5.2",
    "torchsummary": "1.5.1",
    "google-crc32c": "1.5.0",
    "pywavelets": "1.5.0",
    "pandocfilters": "1.5.0",
    "yellowbrick": "1.5",
    "kiwisolver": "1.4.5",
    "appdirs": "1.4.4",
    "pydot": "1.4.2",
    "croniter": "1.4.1",
    "partd": "1.4.1",
    "imagesize": "1.4.1",
    "statsforecast": "1.4.0",
    "absl-py": "1.4.0",
    "frozenlist": "1.4.0",
    "install": "1.3.5",
    "panel": "1.3.4",
    "scikit-learn": "1.3.2",
    "joblib": "1.3.2",
    "cvxpy": "1.3.2",
    "cvxopt": "1.3.2",
    "albumentations": "1.3.1",
    "aiosignal": "1.3.1",
    "httpimport": "1.3.1",
    "pydrive": "1.3.1",
    "requests-oauthlib": "1.3.1",
    "starsessions": "1.3.0",
    "arrow": "1.3.0",
    "h5netcdf": "1.3.0",
    "text-unidecode": "1.3",
    "sniffio": "1.3.0",
    "pluggy": "1.3.0",
    "mpmath": "1.3.0",
    "seqeval": "1.2.2",
    "catboost": "1.2.2",
    "tinycss2": "1.2.1",
    "exceptiongroup": "1.2.0",
    "cmdstanpy": "1.2.0",
    "contourpy": "1.2.0",
    "nlpaug": "1.1.11",
    "sphinxcontrib-serializinghtml": "1.1.9",
    "prophet": "1.1.5",
    "torchmetrics": "1.1.2",
    "wasabi": "1.1.2",
    "gpustat": "1.1.1",
    "click-plugins": "1.1.1",
    "db-dtypes": "1.1.1",
    "et-xmlfile": "1.1.0",
    "html5lib": "1.1",
    "tf-slim": "1.1.0",
    "murmurhash": "1.0.10",
    "sphinxcontrib-applehelp": "1.0.7",
    "msgpack": "1.0.7",
    "sphinxcontrib-qthelp": "1.0.6",
    "sphinxcontrib-devhelp": "1.0.5",
    "spacy-loggers": "1.0.5",
    "python-editor": "1.0.4",
    "moviepy": "1.0.3",
    "fastprogress": "1.0.3",
    "minikanren": "1.0.3",
    "prefetch-generator": "1.0.3",
    "build": "1.0.3",
    "uc-micro-py": "1.0.2",
    "pathlib": "1.0.1",
    "sphinxcontrib-jsmath": "1.0.1",
    "autogluon.multimodal": "1.0.0",
    "autogluon.common": "1.0.0",
    "autogluon.core": "1.0.0",
    "autogluon.timeseries": "1.0.0",
    "autogluon.features": "1.0.0",
    "autogluon.tabular": "1.0.0",
    "autogluon": "1.0.0",
    "google-colab": "1.0.0",
    "multipledispatch": "1.0.0",
    "google-auth-oauthlib": "1.0.0",
    "nbclassic": "1.0.0",
    "locket": "1.0.0",
    "pyproject-hooks": "1.0.0",
    "community": "1.0.0b1",
    "fastapi": "0.104.1",
    "multiprocess": "0.70.15",
    "numba": "0.58.1",
    "jieba": "0.42.1",
    "wheel": "0.42.0",
    "llvmlite": "0.41.1",
    "holidays": "0.37",
    "tensorflow-io-gcs-filesystem": "0.34.0",
    "referencing": "0.31.1",
    "geemap": "0.28.2",
    "starlette": "0.27.0",
    "gym": "0.25.2",
    "uvicorn": "0.24.0.post1",
    "bidict": "0.22.1",
    "mlxtend": "0.22.0",
    "tensorflow-probability": "0.22.0",
    "httplib2": "0.22.0",
    "accelerate": "0.21.0",
    "graphviz": "0.20.1",
    "pyrsistent": "0.20.0",
    "huggingface-hub": "0.19.4",
    "scikit-image": "0.19.3",
    "prometheus-client": "0.19.0",
    "future": "0.18.3",
    "docutils": "0.18.1",
    "responses": "0.18.0",
    "ipyleaflet": "0.18.0",
    "terminado": "0.18.0",
    "pandas-gbq": "0.17.9",
    "datascience": "0.17.6",
    "polars": "0.17.3",
    "cufflinks": "0.17.3",
    "textblob": "0.17.1",
    "python-louvain": "0.16",
    "torchtext": "0.16.0",
    "torchvision": "0.15.2",
    "arviz": "0.15.1",
    "bigframes": "0.15.0",
    "tensorflow-hub": "0.15.0",
    "gluonts": "0.14.3",
    "h11": "0.14.0",
    "statsmodels": "0.14.0",
    "folium": "0.14.0",
    "tokenizers": "0.13.3",
    "rpds-py": "0.13.2",
    "geopandas": "0.13.2",
    "cachecontrol": "0.13.1",
    "bqplot": "0.12.42",
    "grpc-google-iam-v1": "0.12.7",
    "plotnine": "0.12.4",
    "seaborn": "0.12.2",
    "soundfile": "0.12.1",
    "cycler": "0.12.1",
    "toolz": "0.12.0",
    "matplotlib-venn": "0.11.9",
    "opencensus": "0.11.3",
    "py4j": "0.10.9.7",
    "pathy": "0.10.3",
    "toml": "0.10.2",
    "imbalanced-learn": "0.10.1",
    "librosa": "0.10.1",
    "lightning-utilities": "0.10.0",
    "jmespath": "0.10.0",
    "mlforecast": "0.10.0",
    "pandas-datareader": "0.10.0",
    "timm": "0.9.12",
    "mizani": "0.9.3",
    "duckdb": "0.9.2",
    "scooby": "0.9.2",
    "tabulate": "0.9.0",
    "typer": "0.9.0",
    "vega-datasets": "0.9.0",
    "nbclient": "0.9.0",
    "mistune": "0.8.4",
    "parso": "0.8.3",
    "s3transfer": "0.8.2",
    "fastrlock": "0.8.2",
    "alabaster": "0.7.13",
    "blis": "0.7.11",
    "flax": "0.7.5",
    "pickleshare": "0.7.5",
    "cligj": "0.7.2",
    "tensorboard-data-server": "0.7.2",
    "defusedxml": "0.7.1",
    "aiohttp-cors": "0.7.0",
    "glob2": "0.7",
    "ptyprocess": "0.7.0",
    "torchdata": "0.7.0",
    "branca": "0.7.0",
    "dateutils": "0.6.12",
    "osqp": "0.6.2.post8",
    "editdistance": "0.6.2",
    "pyarrow-hotfix": "0.6",
    "ipyfilechooser": "0.6.0",
    "xarray-einstats": "0.6.0",
    "lightning-cloud": "0.5.57",
    "colorful": "0.5.5",
    "imutils": "0.5.4",
    "gast": "0.5.4",
    "patsy": "0.5.3",
    "missingno": "0.5.2",
    "webencodings": "0.5.1",
    "pyasn1": "0.5.1",
    "gin-config": "0.5.0",
    "ipython-sql": "0.5.0",
    "pyct": "0.5.0",
    "array-record": "0.5.0",
    "requirements-parser": "0.5.0",
    "jaxlib": "0.4.20+cuda11.cudnn86",
    "jax": "0.4.20",
    "imageio-ffmpeg": "0.4.9",
    "colorama": "0.4.6",
    "logical-unification": "0.4.6",
    "cons": "0.4.6",
    "sqlparse": "0.4.4",
    "orbax-checkpoint": "0.4.3",
    "evaluate": "0.4.1",
    "safetensors": "0.4.1",
    "googledrivedownloader": "0.4",
    "entrypoints": "0.4",
    "imgaug": "0.4.0",
    "mdit-py-plugins": "0.4.0",
    "py-spy": "0.3.14",
    "pytesseract": "0.3.10",
    "openmim": "0.3.9",
    "etuples": "0.3.9",
    "distlib": "0.3.7",
    "dill": "0.3.7",
    "soxr": "0.3.7",
    "google-ai-generativelanguage": "0.3.3",
    "colorlover": "0.3.0",
    "stanio": "0.3.0",
    "jupyterlab-pygments": "0.3.0",
    "lazy-loader": "0.3",
    "pyasn1-modules": "0.3.0",
    "yfinance": "0.2.32",
    "wcwidth": "0.2.12",
    "hyperopt": "0.2.7",
    "notebook-shim": "0.2.3",
    "google-generativeai": "0.2.2",
    "ipytree": "0.2.2",
    "traittypes": "0.2.1",
    "ml-dtypes": "0.2.0",
    "ipython-genutils": "0.2.0",
    "backcall": "0.2.0",
    "google-pasta": "0.2.0",
    "pymystem3": "0.2.0",
    "earthengine-api": "0.1.381",
    "sentencepiece": "0.1.99",
    "tensorstore": "0.1.45",
    "model-index": "0.1.11",
    "proglog": "0.1.10",
    "dm-tree": "0.1.8",
    "qdldl": "0.1.7.post0",
    "optax": "0.1.7",
    "chex": "0.1.7",
    "matplotlib-inline": "0.1.6",
    "ratelim": "0.1.6",
    "colour": "0.1.5",
    "confection": "0.1.4",
    "opencensus-context": "0.1.3",
    "mdurl": "0.1.2",
    "google-auth-httplib2": "0.1.1",
    "openxlab": "0.0.30",
    "llmx": "0.0.15a0",
    "window-ops": "0.0.14",
    "multitasking": "0.0.11",
    "utilsforecast": "0.0.10",
    "opendatalab": "0.0.10",
    "lida": "0.0.10",
    "gym-notices": "0.0.8",
    "fastdownload": "0.0.7",
    "python-multipart": "0.0.6",
    "eerepr": "0.0.4",
    "qudida": "0.0.4",
    "python-apt": "0.0.0",
    "keyring": "23.5.0",
    "pygobject": "3.42.1",
    "secretstorage": "3.3.1",
    "pyjwt": "2.3.0",
    "launchpadlib": "1.10.16",
    "distro": "1.7.0",
    "blinker": "1.4",
    "wadllib": "1.3.6",
    "dbus-python": "1.2.18",
    "lazr.uri": "1.0.6",
    "lazr.restfulclient": "0.14.4",
    "jeepney": "0.7.1"
  }
}